N, algorithm, operation time[ms]
1000,0.0017356,0.0054186,0.0055344,0.0001209,0.0002148
3162,0.0033922,0.0064663,0.0064109,0.0001768,0.0002594
10000,0.0095133,0.0096935,0.0091405,0.0005873,0.0004567
31622,0.0341268,0.0228876,0.0186816,0.003887,0.0013223
100000,0.1181065,0.0721073,0.049234,0.0353368,0.0083195
316227,0.3938744,0.3126166,0.1734017,0.3474211,0.0809805
1000000,1.7456508,1.3417299,0.8760712,3.7134246,0.9912646
3162277,9.0186229,6.4635807,4.1304987,37.5072757,13.0944247
10000000,43.2701664,31.1805828,19.1112095,383.3772093,208.7119647
